emp_id,name,age,dept_id,salary,hire_date
1000,Dr. Danielle Mcguire,33,2,73054,2020-11-01
1001,Gregory Schultz,58,4,107374,2017-06-30
1002,Susan Harris,39,3,67523,2018-08-30
1003,Carol Wilkins,39,3,72911,2024-10-11
1004,John Larsen,45,3,82711,2019-02-12
1005,Kyle Chandler,37,3,90150,2023-01-18
1006,Kathy James,39,1,43862,2021-09-12
1007,Karen Peters,56,3,107480,2022-03-17
1008,Ashley Bailey,36,5,44992,2020-08-20
1009,Terry Wade,49,5,58389,2024-07-23
1010,Jessica Castro,35,5,95574,2023-08-26
1011,Melissa Rodriguez,55,3,32023,2018-02-11
1012,Donna Richardson,53,1,67267,2017-11-08
1013,Katie Taylor,41,3,111240,2019-05-06
1014,Brandon Adkins,27,4,49594,2023-08-27
1015,Matthew Williams,38,1,95953,2016-01-19
1016,Brandon Colon,47,3,93296,2023-02-24
1017,Dana Brown,57,3,61975,2016-05-22
1018,Mary Jones,27,5,75481,2025-03-26
1019,Jonathan Flynn,40,3,80742,2019-02-25
1020,Susan Robinson,51,1,113128,2022-12-23
1021,Kelsey Flores,42,1,88376,2021-10-19
1022,Joseph Hale,53,1,87172,2016-10-24
1023,Dana Farmer,37,4,63775,2025-03-11
1024,Fernando Armstrong,31,2,66397,2018-06-19
1025,Devin Bradley,23,2,57300,2024-07-09
1026,Rachel Johns MD,58,1,58724,2019-08-07
1027,Tiffany Jacobs,56,3,115569,2019-02-08
1028,Brian Hansen,43,4,116116,2015-09-21
1029,Sean Pena,26,4,75936,2016-07-21
1030,Heidi Pope,52,1,79260,2024-04-11
1031,Lawrence Berry,48,4,80197,2020-01-31
1032,Morgan Wheeler,53,4,110199,2022-06-17
1033,Eric Torres,54,1,77607,2021-06-12
1034,Colton Carr,25,2,118878,2015-06-28
1035,Misty Harper,40,1,46818,2015-09-29
1036,Anna Anderson,54,4,56068,2024-11-27
1037,David Meza,43,2,118417,2015-05-19
1038,Leah James,59,5,60285,2016-12-26
1039,Gary Mitchell,56,3,86771,2017-06-01
1040,Kenneth Keith,46,3,58653,2015-09-15
1041,Brittany Barrett,24,1,117262,2023-11-20
1042,Lori Flowers,37,3,74558,2016-05-04
1043,William Stephenson,23,5,91740,2022-10-30
1044,Zoe Jackson,52,1,46379,2020-12-30
1045,Thomas Singh,38,3,112475,2016-03-21
1046,Tracy Holt,40,4,100113,2023-01-12
1047,Anita Allen,55,3,41015,2020-10-20
1048,Debbie Duffy,22,4,116743,2023-10-21
1049,Aaron Stevens,33,3,89838,2024-10-10
1050,Alex Cruz,39,2,111464,2015-12-11
1051,Jonathan Freeman,46,5,77427,2015-09-27
1052,Brittany Turner,23,1,93010,2023-07-02
1053,Rose Meyer,42,2,107210,2020-08-10
1054,Stacy Ramos,23,5,80818,2023-04-10
1055,John Hill,50,1,61988,2018-05-27
1056,Angel Lin,55,3,93790,2022-10-11
1057,Michael Houston,39,2,34619,2023-06-07
1058,Sheri Henry,44,2,76892,2025-01-17
1059,Jennifer Brown,33,5,47142,2020-05-18
1060,Brian Thompson,28,2,33805,2022-05-08
1061,Aaron Williams,26,3,65210,2017-03-03
1062,Isabella Gray,59,2,48750,2021-01-27
1063,Vincent Vega,48,4,91074,2018-08-27
1064,Michael Townsend,48,2,31221,2017-08-04
1065,Kevin Smith,24,2,31993,2022-08-26
1066,Trevor Wilson,46,3,55738,2024-02-27
1067,Dorothy Baker,55,2,64147,2022-01-19
1068,Matthew Schmidt,56,2,93775,2015-07-30
1069,Ian Morgan,53,4,78564,2020-04-04
1070,Jill Rush,23,1,42359,2020-09-27
1071,William Reed,48,5,100351,2017-09-06
1072,Mr. Carlos Scott,42,1,102615,2022-08-03
1073,Edward Palmer,55,3,65128,2023-10-29
1074,Alex Morrison,37,3,93737,2018-11-17
1075,Daniel Brown,36,5,115758,2015-04-30
1076,Madison Lloyd,28,1,65049,2016-07-31
1077,Sierra Le,34,5,34370,2016-11-07
1078,Valerie Howe,30,5,66639,2018-01-07
1079,Thomas Fischer,53,4,103167,2021-01-09
1080,James Nunez,58,1,64335,2021-05-12
1081,Melissa Washington,23,4,47655,2017-08-05
1082,Jeff Lewis,40,1,83738,2018-10-21
1083,Deanna Perkins,27,3,109610,2024-12-28
1084,Jennifer Coleman,45,4,56538,2017-09-15
1085,James Green,39,5,93671,2025-01-11
1086,Kenneth Nicholson,43,4,98112,2016-03-18
1087,Gerald Olsen,32,4,65880,2023-09-24
1088,Kevin Reyes,38,4,108550,2022-12-18
1089,Zachary Harris,29,5,59171,2016-02-04
1090,Colleen Thompson,26,3,63116,2024-06-12
1091,Emily Rivera,39,4,84256,2017-08-17
1092,Danielle Wells MD,27,2,53106,2019-12-22
1093,Marissa Orr,30,2,96939,2019-05-05
1094,Austin Rush,34,5,52089,2021-07-26
1095,Bryce Campbell,42,1,87999,2023-04-22
1096,Amanda Alexander,26,1,81687,2021-03-09
1097,Nicole Giles,33,4,106813,2017-08-29
1098,Donald Ward,38,2,73516,2021-04-09
1099,Jose Hill,60,2,79513,2024-01-22
1100,Elizabeth Flores MD,51,4,90481,2022-04-27
1101,Joseph Schwartz,54,1,111268,2015-09-03
1102,Samantha Williams,45,5,113112,2015-04-26
1103,Drew Young,56,3,83619,2020-01-28
1104,Thomas Hernandez,37,4,50253,2018-05-29
1105,Lisa Rowe,28,5,115110,2020-06-09
1106,William Schultz,50,2,108551,2020-03-11
1107,Brent Brown,24,1,75883,2018-04-13
1108,Julie Schroeder,28,5,116272,2017-01-21
1109,Michelle Holland,42,1,74984,2022-06-19
1110,Emily Nolan,54,1,96433,2018-01-25
1111,Judith Kirby,32,3,45103,2016-12-29
1112,Christian Leonard,33,1,59624,2023-12-29
1113,Isaac Nelson,42,3,115935,2025-01-14
1114,Katie Barber,24,2,34246,2022-02-25
1115,Jacqueline Hale,53,3,32770,2019-01-23
1116,Dr. Jennifer Santos,58,5,56546,2023-02-08
1117,Jessica Crawford MD,27,1,33909,2022-09-12
1118,Russell Fernandez,54,5,67186,2018-01-17
1119,Donna Williams,47,4,112982,2015-11-21
1120,Charles Rodriguez,43,3,113523,2019-01-01
1121,Jessica Chen DDS,29,1,50806,2021-07-12
1122,Karen Martinez,22,2,74509,2016-04-13
1123,Lisa Medina,40,3,44991,2022-02-25
1124,Joseph Blackwell,52,1,118835,2019-08-28
1125,Elizabeth Martin,58,5,48038,2022-03-18
1126,Richard Caldwell,33,5,80892,2022-05-28
1127,Ashley Bolton,58,3,114790,2019-10-26
1128,Jessica Morales,55,1,90894,2024-09-25
1129,Chase Burgess,45,3,57132,2017-01-02
1130,Harold Simmons,46,2,54619,2024-11-12
1131,Miguel Walker,50,4,52178,2025-01-29
1132,Suzanne Warren,45,5,45250,2022-11-03
1133,Leslie Lee,26,3,83813,2015-04-30
1134,Kristine Johnson,35,1,97698,2022-05-03
1135,Jacqueline Travis,30,3,47800,2021-08-28
1136,Scott Walsh,60,5,36850,2015-12-06
1137,Brenda Rhodes,24,2,102735,2024-02-28
1138,Nicole Best,58,5,115576,2016-04-20
1139,Amanda Kelley,50,1,117871,2018-03-21
1140,Sarah Johnson,25,3,86183,2016-04-27
1141,Joseph Smith,25,2,60932,2017-01-02
1142,Linda Johnson,57,4,88454,2017-11-17
1143,Jeffrey Sanchez,51,4,95967,2019-06-11
1144,Jason Anderson,53,4,34262,2023-10-16
1145,Shelley Mccoy,50,2,52518,2022-11-25
1146,Katelyn Parker,56,3,119297,2019-12-11
1147,Ms. Sarah Stanton,27,1,90091,2020-07-04
1148,Robyn Cox,27,4,47066,2022-09-14
1149,Sarah Wilson,43,1,104542,2023-07-05
1150,Mark Mason,25,5,44703,2021-02-17
1151,Joshua Allen,34,4,76651,2021-08-14
1152,Vanessa Jones,54,1,56913,2022-05-25
1153,Joshua Singh,27,2,58075,2023-02-18
1154,Michelle Hunter,40,5,105073,2023-07-26
1155,Madison Mendez,33,1,71145,2021-04-17
1156,Mike Thompson,22,3,99930,2016-08-12
1157,Mariah Padilla,33,1,33754,2020-12-15
1158,Matthew Beasley,28,3,55912,2018-02-21
1159,Paul Jones,57,1,38370,2019-04-13
1160,Brandon Farmer,35,2,71474,2024-07-12
1161,Matthew Austin,55,2,64731,2019-10-14
1162,Christopher Martin,53,1,33328,2020-01-27
1163,Peter Santos,52,1,41651,2019-02-02
1164,Courtney Rodriguez,58,5,119613,2017-05-27
1165,Daniel Bailey,28,1,53850,2024-10-17
1166,Alvin Phillips,43,2,51154,2018-11-04
1167,Aaron Ramirez,32,2,53862,2023-03-30
1168,Emily Clark,39,1,89643,2016-05-25
1169,Ashley Pruitt,34,2,49541,2021-10-16
1170,Mrs. Meghan Knox,46,5,109276,2015-11-28
1171,Joyce Lewis,40,3,35750,2019-07-18
1172,Aaron Hubbard,41,1,80832,2016-07-22
1173,Austin Cole,50,5,70266,2022-01-30
1174,Ashley Davidson,60,3,49882,2015-10-20
1175,Renee Ritter,55,5,105556,2022-09-26
1176,Scott Wallace,30,5,101288,2015-08-16
1177,Brian Dillon,33,5,57981,2022-04-12
1178,Valerie Preston,37,1,80156,2024-07-26
1179,Heather Gregory,36,2,100997,2020-07-16
1180,Elizabeth Lopez,29,1,39642,2018-04-04
1181,Donald Holloway,36,5,65381,2015-06-22
1182,Keith Wilkerson,49,4,46660,2023-10-02
1183,Mr. Jonathon Ortiz,49,4,32681,2022-12-14
1184,Sara Murray,32,4,81086,2017-11-19
1185,Darlene Johnson,24,4,104993,2019-08-28
1186,Rick Nunez,31,4,42304,2018-02-14
1187,Mario Taylor,24,2,45613,2021-09-28
1188,Susan Flores,31,4,31480,2016-06-17
1189,Christina Hill,45,4,87353,2017-10-28
1190,Linda Bauer,30,3,90363,2015-08-17
1191,Jasmine Jones,36,2,89647,2022-05-21
1192,Peter Jackson,46,4,109116,2015-11-25
1193,Christian Saunders,42,1,87185,2015-12-22
1194,Mary Cook,30,2,117848,2019-08-29
1195,Robert Mcbride,41,2,93187,2017-11-23
1196,Kyle Flowers,22,1,72196,2019-08-20
1197,Charles Bowman,44,5,87391,2020-09-16
1198,Frank Thompson,58,2,79422,2019-06-18
1199,Michael Rosario,29,4,107384,2015-09-03
1200,Sandra Miller,39,5,108345,2021-03-02
1201,Dustin Lee,43,2,68358,2017-01-06
1202,Lisa Richardson,51,4,44607,2019-02-19
1203,Dylan Sanders,29,4,71515,2024-08-09
1204,Jason Blair,54,5,67807,2015-11-25
1205,Dennis Gray,49,3,82762,2021-12-08
1206,Jacob Davenport,39,3,107556,2015-12-08
1207,Janice Rodriguez,48,4,108272,2016-04-11
1208,Daniel Chambers,53,4,70607,2021-03-28
1209,Lisa Shepherd,27,5,31641,2024-08-25
1210,Erik Miles,49,3,64744,2017-04-27
1211,Courtney Fisher,53,3,106473,2020-04-11
1212,Christina Foster,52,4,109796,2016-09-05
1213,Tara Martinez,53,2,36326,2023-03-28
1214,Linda Mccarthy,42,1,77187,2021-06-23
1215,Cassidy Todd,48,5,67512,2021-04-23
1216,Robin Lopez,52,4,112559,2019-07-13
1217,Eric Hall,33,1,105683,2020-07-27
1218,Sarah Lambert,46,1,117487,2023-12-22
1219,Philip Lawson,43,5,118319,2022-02-20
1220,Katherine Quinn,33,5,53360,2017-04-03
1221,Andrea Smith,45,1,32242,2020-07-05
1222,Rebecca Knapp,43,2,115930,2019-01-11
1223,Amanda Wilson,40,3,90303,2016-08-02
1224,Kara Small,50,4,49177,2020-07-04
1225,Carl Webb,58,5,81651,2024-09-17
1226,Connor Kelly,29,5,63964,2017-04-30
1227,Gary Martinez,31,3,31472,2024-12-06
1228,Jennifer Roberts,56,1,79930,2015-12-06
1229,Tracy Flores,37,3,77397,2022-02-08
1230,Katelyn Phelps,43,5,107922,2020-03-06
1231,Melissa King,55,5,61694,2020-01-25
1232,Shannon Miller,25,5,90818,2019-01-21
1233,Kelly Willis,59,2,36966,2025-03-26
1234,Robert Soto,56,1,31165,2022-10-18
1235,Michael Campbell,58,2,93899,2022-09-30
1236,Brandi Pierce,25,4,91381,2023-07-07
1237,Bryan Turner,59,2,79012,2016-10-15
1238,Samuel Todd,27,5,42850,2024-01-20
1239,Jeremy Olson,39,1,45054,2022-09-29
1240,Brian Hughes,51,5,42204,2019-03-23
1241,David Carson,44,4,47804,2015-11-24
1242,Terri Townsend,40,2,66506,2023-09-16
1243,Sarah Casey,35,1,77629,2021-04-27
1244,Bonnie Graham,38,4,52251,2021-11-27
1245,Donna Lutz,57,4,69281,2020-03-25
1246,Erica Evans,55,3,86487,2022-05-03
1247,Douglas Clark,41,5,65905,2020-10-14
1248,Molly Ray,41,5,118341,2017-07-21
1249,Megan Brown,48,2,58324,2019-09-01
1250,Jill Baldwin,45,1,86652,2018-06-08
1251,Jill Wallace,38,2,79896,2021-02-10
1252,Richard Dorsey,47,2,67656,2017-08-11
1253,Deborah Roberts MD,25,4,92750,2022-09-16
1254,Mitchell Johnson,25,3,65403,2023-04-05
1255,Roberto Miller,41,2,43105,2024-07-10
1256,Ashley Daniels,55,1,62236,2022-10-11
1257,James Morris,32,4,110153,2024-11-11
1258,Kimberly Reynolds,23,2,45004,2018-06-11
1259,Earl Dougherty,23,2,81616,2016-01-06
1260,Deborah Smith,38,4,118402,2015-04-07
1261,Cynthia Stewart,27,3,84480,2015-06-11
1262,Lisa Fitzgerald,38,1,72121,2024-08-01
1263,Andrew Manning,46,4,31714,2020-06-30
1264,Laurie Williams,37,5,113807,2024-11-09
1265,Jesse Lane,50,3,112773,2021-08-03
1266,Erik Estrada,58,5,43696,2017-12-02
1267,Margaret Sanchez,34,2,31864,2021-03-22
1268,Virginia Huber,23,3,45924,2018-04-01
1269,Brenda Allen,51,2,43088,2019-07-07
1270,David Wilson,34,3,111689,2021-03-20
1271,Joseph Olson,49,1,93684,2021-12-24
1272,Rickey Phillips,44,5,57527,2024-05-26
1273,Isabella Thompson,50,3,88279,2018-05-10
1274,Amanda Shaw,58,2,56106,2018-09-02
1275,Andre Bowen,22,2,109396,2020-01-08
1276,Maurice Welch,56,3,70763,2016-06-19
1277,Daniel Mckay,54,3,87823,2016-05-08
1278,Jeffrey Giles,35,1,111652,2019-12-14
1279,Cory Ross,52,2,35124,2015-08-13
1280,Rodney Jones,41,4,110447,2020-09-04
1281,Hannah Robinson,33,4,80900,2022-02-02
1282,Dawn Allen,24,3,31896,2022-01-07
1283,Jeffrey Obrien,31,3,103650,2023-05-23
1284,Kathryn Blackburn,28,1,36788,2025-01-17
1285,Samuel Mitchell,42,1,118788,2020-08-16
1286,Rachel Walton,51,3,31643,2024-05-03
1287,Jeffery Schultz,27,2,79346,2016-10-27
1288,Jake Mccall,43,5,95497,2023-12-04
1289,Cody Nicholson,28,2,46263,2021-06-27
1290,Carlos Santos,34,2,110297,2016-10-30
1291,Savannah Hawkins,42,3,34394,2017-10-10
1292,Patricia Hansen,46,5,68789,2021-09-12
1293,Steven Cervantes,60,5,63147,2020-12-03
1294,Kathryn Nicholson,31,4,97676,2021-11-22
1295,Lindsey Weber,22,1,81002,2016-05-22
1296,Hector Rios,56,3,80477,2020-07-08
1297,Todd Burns,28,2,52027,2018-11-29
1298,Mark Wilson,40,5,35685,2022-04-27
1299,Patrick Lee,22,3,66342,2024-03-04
1300,Austin Thompson,36,3,61910,2019-08-17
1301,Justin Smith,40,4,97100,2023-04-28
1302,Brandon Weaver,26,1,119166,2021-11-04
1303,David Smith,59,1,119580,2022-09-26
1304,Lauren Garcia,53,1,40693,2021-12-10
1305,William Morgan,24,4,44631,2021-09-07
1306,Dr. Bryan Stevens,52,4,42012,2019-05-02
1307,Lisa Taylor,31,3,110417,2018-01-21
1308,Lance Perry,59,2,116677,2022-09-23
1309,Amanda Phillips,35,2,39409,2023-08-14
1310,Heather Patel,34,3,84980,2023-06-17
1311,Bethany Cruz,32,1,85151,2016-12-20
1312,Richard Lawson,28,1,51430,2022-03-24
1313,Joshua Gilmore,37,4,33191,2021-02-16
1314,Michelle Wright,49,3,68465,2016-06-08
1315,Jeanette Rivera,33,5,49631,2023-03-02
1316,Mr. Charles Wilson,26,4,30438,2016-01-21
1317,Angel Gonzales,48,5,87237,2022-09-28
1318,Christina Hernandez,57,1,109622,2018-06-21
1319,Christopher Brewer,60,4,92124,2023-06-14
1320,Brandon Huerta,42,3,102688,2023-08-27
1321,Kimberly Nelson,32,3,112452,2024-09-09
1322,Brenda Wang,48,2,32715,2019-06-29
1323,Robert Martinez,25,3,92319,2019-10-05
1324,Gordon Mcdonald,49,2,40007,2023-07-05
1325,Bryan Conley,26,5,78768,2021-10-28
1326,Dennis Davidson,34,1,76207,2016-01-04
1327,Karen Olson,54,3,41064,2023-02-05
1328,Michael Guzman,56,2,92126,2019-06-09
1329,Mary Valentine,42,4,52312,2016-11-01
1330,Kayla Mcdaniel,29,5,115192,2024-02-07
1331,Aaron Soto,41,1,31059,2024-03-25
1332,Brian Pierce,38,2,33439,2019-07-28
1333,Karen Mack,43,4,114781,2020-10-24
1334,Julie Robinson,49,3,32522,2019-03-23
1335,Gregory Carlson,27,4,114397,2021-01-07
1336,Cheryl Johnson,23,1,51364,2023-02-01
1337,Eric Savage,39,4,79560,2019-05-05
1338,Donald Harris,23,4,63055,2017-03-14
1339,John Martin,28,5,38959,2023-03-13
1340,Sandra White,58,3,79388,2016-03-23
1341,Lee Gallagher,25,5,118599,2020-02-23
1342,Jennifer Camacho,34,3,94281,2015-08-15
1343,Jennifer Orr,38,1,41487,2020-04-07
1344,Sydney Lewis,50,1,80077,2015-08-03
1345,Joshua Bradley,31,3,91746,2023-09-10
1346,Eric Young,47,3,49299,2021-08-30
1347,Troy Matthews,33,2,103739,2020-10-14
1348,Alison Perez,45,5,51608,2016-05-17
1349,Kimberly Hughes,48,3,59845,2018-07-30
1350,Christian Frazier,31,2,80972,2021-03-01
1351,Lisa Norman,53,3,61612,2015-08-30
1352,Katherine Ochoa,41,1,47580,2021-05-18
1353,Phillip Huerta,26,1,78547,2023-11-05
1354,Vanessa Lee,48,3,97366,2017-01-06
1355,Carrie Golden,57,4,56438,2019-11-22
1356,Scott Gordon,22,5,33462,2023-03-03
1357,Kimberly Davies,28,1,96135,2017-07-03
1358,Danny Ray,60,2,95779,2018-11-17
1359,Jesus Nguyen,23,1,48440,2015-11-28
1360,Robert Santos,41,2,107561,2019-06-01
1361,David Mosley,52,3,80663,2015-07-14
1362,Heather Graves,32,4,73765,2016-02-14
1363,Kimberly Johnston,58,5,87968,2018-11-18
1364,Cheryl Mcintyre,29,2,31649,2019-06-05
1365,Emily Alexander,52,3,112052,2022-07-05
1366,Michael Savage,22,3,92472,2021-04-05
1367,Crystal Cordova,33,5,77621,2021-12-10
1368,John Gordon,60,3,90139,2023-03-19
1369,Samantha Compton,53,2,42001,2019-06-17
1370,Kristen Powell,55,4,67830,2017-01-29
1371,Angela Bell,47,3,85629,2016-11-22
1372,Phillip Lamb,51,2,96342,2019-04-23
1373,Derek Phillips,33,1,107267,2020-01-02
1374,John Simon,36,2,36426,2017-01-02
1375,Carrie Holt,49,3,73940,2020-10-30
1376,Wendy Powell,23,5,69949,2020-04-07
1377,William Garcia,46,4,34942,2018-12-07
1378,Mark James,39,1,97392,2017-01-01
1379,Austin Hudson,23,3,95786,2022-08-27
1380,Michael Kennedy,55,2,49839,2020-03-14
1381,Jennifer Cabrera,39,3,56415,2020-03-22
1382,Erin Carter,40,4,56061,2016-03-07
1383,Justin Farmer,48,4,80400,2016-04-27
1384,Gary Webb,55,5,52464,2017-03-24
1385,Javier Farmer,46,3,86829,2024-03-01
1386,John Kelly,55,1,98804,2025-01-04
1387,Dennis Gardner,53,2,61349,2016-11-05
1388,Angel Johnson,44,4,38352,2020-07-26
1389,Melvin Smith,25,5,92035,2019-11-15
1390,Katie Burgess,39,3,66095,2023-11-29
1391,Fred Sandoval,34,1,46791,2022-03-24
1392,Matthew Jones,38,5,49033,2019-03-21
1393,Roberto Knox,50,3,88363,2024-12-15
1394,Janice Harvey,30,3,73051,2017-08-01
1395,Aaron Wood,34,4,117294,2016-02-11
1396,Ariel Waller,58,4,82101,2016-04-09
1397,Paula Davis,55,2,115955,2020-01-29
1398,Kristy Lamb,53,1,87464,2016-11-03
1399,Elizabeth Davis,24,3,87172,2015-09-21
1400,Linda Paul,39,4,106779,2017-11-27
1401,Robert Clay,56,2,31383,2017-06-21
1402,Ryan Novak,47,4,70138,2018-11-26
1403,Anna Davis,29,1,33977,2016-06-04
1404,Loretta Rogers,30,1,106001,2023-09-19
1405,Curtis Morgan Jr.,50,1,102859,2020-07-05
1406,Jennifer Middleton,55,3,56870,2015-12-21
1407,Ryan Woodward,22,2,62069,2015-07-04
1408,Mary Harrison,38,5,51099,2021-11-02
1409,Amy Hayes,23,4,97578,2016-04-17
1410,Brittany Pena MD,53,3,51829,2021-12-05
1411,Robert Santiago,27,1,53977,2016-12-16
1412,Johnny Martinez,31,1,73314,2022-02-27
1413,James Snow,52,1,112527,2022-07-04
1414,Alexander Gomez,23,5,85940,2023-08-28
1415,Alicia Moore,56,5,111179,2018-11-14
1416,Miguel Morgan,54,2,114717,2019-09-25
1417,Travis Strickland,30,4,37845,2021-03-07
1418,William Williams,22,5,39495,2017-10-12
1419,Isaiah Simon,24,5,30380,2017-12-29
1420,Daniel Perez,26,3,90626,2020-01-03
1421,Alexa Jacobs,24,2,75471,2019-11-27
1422,Hailey Dorsey,33,4,31613,2018-06-11
1423,Sara Gill,57,2,43607,2020-12-20
1424,Brent Brown,46,1,85838,2016-03-17
1425,Deborah Daniels,55,1,52959,2023-06-16
1426,Ronald Miller,39,5,82159,2019-10-06
1427,Luis Hall,37,5,86379,2017-07-20
1428,Janet Anderson,34,1,33887,2019-12-21
1429,Kathy Barry,59,2,75337,2020-07-02
1430,Wesley Williams,52,2,99064,2016-04-30
1431,John Blair DDS,47,2,105695,2016-03-26
1432,Bethany Gardner,54,2,61183,2019-04-14
1433,Daniel Hayes,29,2,45293,2016-01-10
1434,Cynthia Porter,59,4,38720,2018-05-11
1435,Jeffrey Reeves,24,1,104063,2019-12-15
1436,David Rocha,28,3,56683,2018-07-18
1437,Donna Fuller,42,3,59467,2017-06-21
1438,Latoya Williams,39,3,56585,2024-05-08
1439,Lisa Mann,52,2,57781,2021-12-13
1440,Jessica Wright,45,3,105080,2015-12-25
1441,Nicholas Lee,43,4,74484,2024-11-03
1442,Felicia Davis,25,5,55664,2021-10-24
1443,George Cooper,42,4,46853,2020-01-07
1444,Gina Jones,38,2,80851,2024-12-13
1445,Debbie Keller MD,50,5,51976,2020-09-27
1446,Laura Martin,36,1,109035,2017-11-09
1447,Miguel Green,36,4,82055,2015-11-29
1448,Patricia Taylor,28,4,52608,2015-04-15
1449,Jeffrey Woods,52,4,100335,2024-01-03
1450,Patricia Collins,22,4,110558,2017-07-29
1451,Tammy Bailey,36,1,97229,2023-03-24
1452,Paul Green,57,3,53886,2025-01-31
1453,John Travis,48,3,72574,2024-01-02
1454,Danielle Clements,30,1,39578,2019-03-13
1455,James Gordon,34,2,63712,2024-05-25
1456,George Davis,53,4,69167,2016-10-24
1457,Amy Perez,39,3,43435,2017-11-10
1458,Caleb Anthony,31,5,90803,2017-08-19
1459,Jennifer Johnson,28,1,107462,2018-06-14
1460,Sally Perry,52,2,108392,2024-03-26
1461,Cassandra Wilson DDS,40,4,118291,2016-01-06
1462,Christopher Farrell,55,4,106997,2021-11-20
1463,Mark Richards,28,2,104843,2019-10-19
1464,Stephen Warren,46,3,34384,2020-10-12
1465,Tiffany Cook,22,1,111801,2025-01-07
1466,Guy Duncan,46,5,100495,2019-08-18
1467,Sabrina Moore,58,3,40296,2018-10-05
1468,Emily Jones,35,2,110374,2024-05-08
1469,Sonia Jacobs,27,2,78219,2023-10-30
1470,Connie Ramirez,54,1,58715,2020-06-05
1471,Angelica Smith,31,3,112794,2017-01-17
1472,Kimberly Park,47,1,97964,2022-02-04
1473,Danielle Torres,48,3,63136,2021-06-18
1474,Adam Fernandez,34,2,97308,2021-07-03
1475,Megan Robbins,52,4,56063,2017-12-24
1476,Jason Vincent,37,3,85476,2019-12-03
1477,Renee Harper,42,3,71197,2022-09-09
1478,Maria Bryant DVM,45,1,91669,2025-02-26
1479,Katrina Jones,29,2,96501,2019-05-23
1480,Noah Baldwin,40,4,81710,2023-06-21
1481,Mary Hunter,45,4,107027,2019-05-20
1482,David Peterson,57,2,54178,2017-05-16
1483,Mr. Johnathan Perry MD,35,1,30757,2016-03-22
1484,Tammy Chandler,51,4,56035,2015-10-04
1485,Jason Schmitt,34,3,117106,2025-02-06
1486,Laura Cline,27,5,118013,2015-06-02
1487,Ashley Garcia,52,5,44640,2020-03-12
1488,Jessica Simon,42,2,104076,2021-03-04
1489,Marvin Stanley,43,1,104065,2025-01-05
1490,Carlos Clark,59,5,51685,2017-10-18
1491,Clifford Leach,31,5,95573,2025-02-20
1492,Jonathan Gibson,31,3,55206,2019-04-14
1493,Jaime Evans,50,5,101343,2016-12-16
1494,Nathan King,37,1,109538,2015-11-19
1495,Thomas Ellis,54,5,96763,2022-08-09
1496,George Morris,34,3,51581,2021-05-06
1497,Eduardo Scott,27,4,89860,2021-06-29
1498,James Carpenter,57,5,52616,2019-12-28
1499,William Parker,33,4,118379,2024-10-24
1500,Joseph Vaughn,59,2,107799,2020-01-15
1501,Belinda Moore,47,2,119733,2019-02-15
1502,Jonathan Drake,56,1,65130,2015-05-30
1503,Karen Mercer,51,2,98027,2021-08-21
1504,Traci Lawrence,40,5,101244,2020-01-02
1505,Mary Lewis,27,1,60556,2019-04-15
1506,Rebecca Smith,25,3,67889,2023-09-10
1507,Kelly Ray,40,4,96340,2020-06-17
1508,Maria Welch,42,5,112585,2024-09-26
1509,Kathleen Kim,30,3,118401,2019-06-13
1510,Patrick Sheppard,55,3,114834,2024-07-11
1511,Maxwell Williams,42,2,50613,2016-09-26
1512,Raymond Russo,29,3,108725,2017-06-24
1513,Jessica Rodriguez,50,1,43567,2021-08-30
1514,Chelsea Diaz,59,2,108118,2022-04-09
1515,Caleb Thompson Jr.,44,4,93508,2015-11-06
1516,Carl Tapia,34,2,81328,2016-01-31
1517,Chad Calhoun,24,3,110189,2023-12-01
1518,Michael Rivera,57,2,100523,2022-02-06
1519,Jaime Jackson,23,4,30008,2024-08-08
1520,Cody Horton,34,4,90218,2015-11-30
1521,Kristopher Warner,36,3,77030,2018-03-20
1522,Charles Brock,45,5,44323,2016-05-09
1523,Jared Forbes,41,3,31336,2022-06-28
1524,James Smith,32,2,69660,2018-02-01
1525,Rebecca Jackson,52,3,71708,2022-07-02
1526,Michael Oliver,22,5,40928,2025-03-16
1527,Barbara Kim,45,5,33934,2018-04-19
1528,Dr. Yvette Hampton MD,48,5,106954,2022-02-07
1529,Lindsey Dalton,43,4,116726,2019-06-13
1530,Rebekah Sanders,36,4,64160,2016-06-17
1531,Monica Jensen,56,4,31754,2022-11-14
1532,Cynthia Levine,48,4,78501,2020-11-07
1533,Colin Vargas,60,5,43429,2018-09-17
1534,Mary Johnson,55,3,95417,2018-05-31
1535,Mary Rowe,57,5,53208,2020-01-27
1536,Kurt Johnson,43,5,119098,2021-04-13
1537,Elizabeth Hernandez,42,3,42357,2019-05-18
1538,Tommy Moore,51,3,103308,2018-11-20
1539,Nicole Bryant,54,4,78462,2018-02-27
1540,Catherine Peters,41,1,54535,2022-10-30
1541,Mrs. Amanda Soto,47,3,32313,2022-02-09
1542,Holly Peterson,37,2,101218,2022-01-28
1543,Devin Robbins,58,5,116084,2020-03-15
1544,Joseph Schmidt,58,3,65207,2020-02-20
1545,Dawn Brown,41,3,75294,2015-04-30
1546,Samuel Salazar,43,2,74607,2020-05-11
1547,James Davis,46,1,75727,2017-02-19
1548,Barry Roman,41,4,65770,2022-12-11
1549,Scott Morris,53,3,97428,2019-09-23
1550,John Moore,39,3,30978,2017-04-16
1551,Heather Williams,48,5,59998,2016-07-27
1552,Joe Livingston,45,3,50005,2020-10-31
1553,Matthew Gregory,35,2,38711,2015-12-25
1554,Mark Gonzalez,52,4,106112,2019-09-15
1555,Pamela Smith,35,1,67485,2020-03-24
1556,Sharon Odom,57,4,69247,2017-03-01
1557,Jeremy Brown,43,2,42984,2023-02-05
1558,Christopher Nguyen,44,2,66554,2020-01-10
1559,Christopher Rush,29,5,100816,2017-03-26
1560,Debra Davis,39,1,116857,2018-08-18
1561,Rhonda Cruz,29,1,102254,2024-08-03
1562,Ashley Wells,32,5,111016,2020-06-02
1563,Jacob Reynolds,57,2,31793,2022-07-15
1564,Vanessa Lyons,43,1,69738,2024-05-14
1565,Kimberly Johnson,55,4,91018,2022-08-26
1566,Christina Peterson,26,5,57321,2018-12-29
1567,Charles Snyder,24,2,104396,2024-12-09
1568,Todd Mccarthy,42,2,94907,2024-03-14
1569,Penny Montes,45,5,88954,2018-12-17
1570,Wendy Alvarez,40,2,112520,2021-08-11
1571,Katherine Medina,59,1,119088,2025-03-26
1572,Arthur Novak,36,4,65403,2022-03-12
1573,Paul Fernandez,41,1,107974,2016-03-21
1574,Robin Robles,33,4,114400,2016-10-07
1575,Anita Holden,52,5,56273,2021-04-25
1576,Sarah Bradley,31,4,80691,2022-02-09
1577,Daniel Wallace,22,1,79874,2018-01-21
1578,Dustin Palmer,23,2,99848,2024-10-04
1579,Christopher Hoover,39,1,93300,2021-07-30
1580,Michelle Gutierrez,53,2,103606,2020-10-17
1581,Mikayla Brown,50,2,116848,2020-12-24
1582,Jennifer Valenzuela,40,1,100138,2022-09-22
1583,Allison Smith,29,1,87043,2016-03-26
1584,Derek Mcbride,54,4,67816,2022-10-25
1585,Matthew Bailey,49,2,85386,2019-02-20
1586,Robert Craig,39,2,44702,2018-04-29
1587,Laura Lee,46,4,74651,2022-08-28
1588,Dylan Hawkins,56,1,78532,2021-03-28
1589,Patricia Lee,36,4,101692,2018-08-18
1590,Molly Clarke,25,3,81591,2022-05-31
1591,Scott Lopez,58,4,112272,2022-12-31
1592,Phillip Clark,34,1,93309,2016-11-12
1593,Gary Miller,22,3,117799,2018-12-14
1594,Michael Pearson,55,3,69209,2021-08-15
1595,Beth Weaver,38,2,74363,2015-08-09
1596,Ricky Bowen,54,5,107231,2023-05-13
1597,Colin White,37,1,57637,2024-02-10
1598,Jacob Garcia,56,4,80061,2020-05-03
1599,Stephanie Romero,44,3,77178,2019-02-21
1600,Veronica Greene,44,5,35540,2016-09-19
1601,Kevin Bush,52,4,61003,2025-01-20
1602,Anthony Wood,43,5,40142,2021-04-26
1603,Amy Robinson,58,2,119103,2022-10-25
1604,Anthony Davis,34,5,77966,2017-12-17
1605,Lori Wilkinson,50,5,86207,2023-10-27
1606,Kevin Terry,28,2,108954,2023-11-04
1607,Danny Casey,30,2,41706,2023-05-17
1608,Jason Jarvis,46,2,91589,2019-06-02
1609,Paul Morrison,44,3,42965,2023-06-22
1610,James Gregory,46,4,33339,2019-11-08
1611,Christopher Mason,40,2,37225,2016-06-07
1612,Elaine Green,40,4,51624,2017-01-05
1613,Sandy Williams,47,2,113913,2018-04-22
1614,Michael Hernandez,58,1,82478,2024-09-26
1615,Yvette Zimmerman,23,5,74263,2024-12-02
1616,Matthew Fischer,54,4,105168,2020-04-01
1617,Jessica Cruz,38,4,88317,2015-06-30
1618,Benjamin Hooper,29,4,117082,2016-11-29
1619,Mr. Glenn Robinson,31,5,119726,2019-11-29
1620,Michelle Hale,35,5,84794,2019-05-15
1621,Jasmine Miller,23,5,107082,2024-07-03
1622,Jennifer Fleming,48,5,50122,2020-03-14
1623,Julie Adams,45,5,110421,2016-04-06
1624,Karen Hodge,25,5,83961,2022-12-18
1625,Scott Smith,30,3,59354,2015-12-30
1626,Cameron Dixon,31,4,57920,2021-01-19
1627,Todd Edwards,47,4,105495,2024-10-24
1628,John Matthews,51,2,67328,2022-04-15
1629,Renee Pitts,56,1,73008,2018-10-05
1630,David Stephens,27,2,81601,2016-10-08
1631,Stephanie Jones,55,5,56728,2015-08-13
1632,Thomas Long,33,5,57505,2017-04-16
1633,Allison Keller,35,5,54136,2024-01-27
1634,Kyle Walker,60,1,56287,2025-02-14
1635,Megan Hall,56,4,97738,2016-03-27
1636,Linda Brown,31,3,77318,2018-06-26
1637,Shirley Reed,39,2,115546,2020-03-04
1638,Monique Jones,36,2,102048,2018-08-20
1639,Kevin Bates,52,2,89692,2018-01-25
1640,Angela Knight,55,4,114200,2022-12-16
1641,Robert Conway,46,2,46475,2024-03-23
1642,Kristen Patton,26,3,82785,2018-03-22
1643,Natalie Joseph,51,3,77551,2016-08-13
1644,Elijah Massey,30,1,95040,2022-04-13
1645,Howard Banks,50,2,31577,2019-07-14
1646,Dustin Porter,38,4,33094,2022-09-17
1647,Raymond Smith,59,5,45741,2016-09-28
1648,Barry Atkins,23,4,55625,2019-07-12
1649,Robert Velazquez,36,1,101162,2024-01-07
1650,Christopher Brown,44,3,109126,2023-07-29
1651,Edward Glenn,25,3,110880,2022-01-22
1652,Ashley Rodriguez,44,5,32658,2024-01-09
1653,Kimberly Spencer,36,5,114177,2022-05-12
1654,Michael Ware,24,2,97709,2024-03-25
1655,Hannah Glover,37,4,31820,2017-05-20
1656,Amber Gonzalez,23,5,68789,2020-05-03
1657,Heather Murphy,38,5,83316,2019-01-11
1658,Vanessa Carter,59,3,109847,2017-09-03
1659,Michael Lopez,22,2,83495,2021-10-02
1660,Nicole Carter,55,1,61211,2024-09-21
1661,Derek Thompson,33,4,67307,2023-04-11
1662,Dennis Khan,22,2,71194,2018-01-31
1663,Tammy Hardy,41,2,30718,2023-05-29
1664,Robert Williams,47,3,76453,2019-03-01
1665,Joshua Smith,26,3,57023,2016-04-19
1666,Kevin Lynn,54,4,96914,2020-09-07
1667,Kyle Cuevas,50,1,79407,2021-04-10
1668,Colin Underwood,40,5,66414,2024-10-15
1669,Nancy Brown,30,5,65246,2021-10-17
1670,Patrick Collins,38,1,115185,2020-03-09
1671,Autumn Payne,46,1,80702,2020-02-23
1672,Paula Atkinson,56,2,64490,2023-10-15
1673,Lindsey Warren,25,4,115610,2019-11-28
1674,John Moore,43,1,36272,2024-08-19
1675,James Nelson,25,1,98750,2019-04-04
1676,Anthony Williams,40,4,87506,2020-11-01
1677,Michael King,23,3,50917,2019-12-12
1678,Savannah Lucas,45,2,44189,2016-05-06
1679,Sean Martin,24,5,102753,2024-07-16
1680,Eric Riley,41,3,110141,2019-06-12
1681,Amanda Johnson MD,59,1,50263,2024-10-28
1682,Adam Taylor,27,4,95628,2017-04-22
1683,James Powell,42,5,40298,2017-12-08
1684,David Saunders,23,5,42701,2015-07-16
1685,Lauren Woods,34,4,111997,2024-11-24
1686,Heather Mann,42,4,110610,2023-02-02
1687,Christina Richards,41,2,42204,2017-07-06
1688,Ashley Turner,24,1,62129,2016-11-29
1689,Sarah Castro DVM,34,2,106147,2024-12-10
1690,Kevin Bowen,31,5,63905,2019-06-01
1691,Thomas Mendoza,49,1,97099,2023-12-19
1692,Louis Ramos,29,5,70596,2019-07-20
1693,Anthony Bennett,42,2,99859,2024-04-12
1694,Daniel Miller,24,3,104411,2021-06-27
1695,Sabrina Vasquez,52,3,103869,2022-11-16
1696,Breanna Duran,44,1,46849,2021-05-28
1697,Martha James,31,4,51062,2022-05-24
1698,Emma Oliver,38,2,48834,2020-06-05
1699,Ryan Davis,24,5,56066,2018-10-05
1700,Michael Dickson,46,1,96529,2022-04-04
1701,Jason Williams,53,5,78905,2022-01-03
1702,Patrick Johnson,42,2,46204,2024-11-18
1703,Jacob Martinez,39,5,66582,2018-02-15
1704,Teresa Campbell,31,1,68436,2020-07-16
1705,David Bryant,46,5,42223,2019-03-19
1706,Tony Smith,31,4,119105,2015-11-22
1707,Maria Cox,52,1,111570,2018-06-23
1708,Jeremy Massey,26,5,117216,2021-10-09
1709,Christine Johnson,59,4,112285,2025-03-01
1710,Matthew Frye,56,5,109256,2025-03-30
1711,Jason Burns,57,1,44799,2015-05-29
1712,Sandra Martinez,32,4,68024,2023-11-26
1713,Douglas Mckinney,48,1,100618,2024-07-08
1714,Kurt Valenzuela,47,4,53934,2016-03-04
1715,Robin Gonzalez,52,3,43371,2024-09-11
1716,Miss Ashley Stephens,30,3,46469,2020-06-08
1717,Maria Murray,48,1,74603,2016-09-10
1718,Elizabeth Miller,36,5,40573,2024-11-29
1719,Daniel Stewart,49,4,58115,2018-06-09
1720,Vincent Reed,43,3,50546,2020-05-11
1721,Daniel Frank,31,4,48285,2017-10-29
1722,Haley Estes,27,2,30261,2021-03-28
1723,Dean Singh,51,3,75331,2021-02-19
1724,David Jones,28,5,96428,2020-07-29
1725,Johnathan Herrera,39,4,31557,2019-05-25
1726,Denise Scott,29,1,30698,2024-05-21
1727,Vincent Avila,25,4,51135,2016-05-02
1728,Brett Martin,43,1,45666,2020-09-02
1729,Sydney Schmidt,44,3,81168,2020-11-22
1730,Ryan Mejia,28,3,65773,2019-03-05
1731,Cameron Johnson,36,5,89880,2019-06-15
1732,Julie Barrera,39,4,31078,2018-07-16
1733,Rose Lee,25,5,91503,2020-01-29
1734,David Glass,24,5,96991,2023-03-28
1735,Jared Paul,50,2,35856,2022-06-28
1736,Amanda Wood,48,3,42716,2021-07-17
1737,Joseph Brown,28,5,74912,2016-11-05
1738,Maria Hamilton,49,3,36591,2021-02-18
1739,Suzanne Koch,32,2,118438,2018-09-14
1740,Robert Stanley,56,2,112821,2022-10-15
1741,Gloria Arellano,47,3,48820,2023-06-14
1742,Curtis Barker,57,1,44869,2019-12-22
1743,Erica Townsend,55,3,84864,2025-01-26
1744,Rebecca Hernandez,37,4,57194,2016-08-06
1745,Dr. David Johnson Jr.,50,5,97583,2017-02-06
1746,Charlene Mcgee,23,4,53432,2024-06-08
1747,Brian Martin,34,1,42844,2015-05-28
1748,Brittney Nash,34,3,76960,2020-01-22
1749,James Powell,37,2,65335,2024-08-12
1750,Steven Miller,22,4,58467,2019-07-28
1751,Victoria Sullivan,29,2,101268,2017-08-12
1752,Colleen Sanford,44,4,68102,2023-04-01
1753,William Martin,44,1,41775,2021-02-24
1754,Tom Booth,49,3,106026,2020-02-08
1755,Megan Tucker,52,2,63259,2021-06-11
1756,Ryan Gutierrez,47,5,78325,2015-09-10
1757,Debra King,54,2,102863,2020-06-19
1758,Anthony White,22,3,89776,2021-04-15
1759,Derek Brown,42,3,67399,2022-07-22
1760,David Burch,43,5,92649,2020-06-02
1761,Rachel Henson,32,1,79618,2021-02-23
1762,Dwayne Miller,38,5,101040,2015-11-16
1763,Jennifer Johnson,37,4,112846,2021-12-08
1764,Mr. Dylan Martinez,57,2,55342,2016-04-11
1765,Justin James,51,1,65709,2020-10-11
1766,Charles Martin,22,4,33152,2015-04-14
1767,Ricky Williams,28,4,33173,2018-10-27
1768,Rachel Lutz,42,2,71879,2016-08-13
1769,Joel Garcia,56,4,112614,2018-03-17
1770,Amy Cox,50,2,115401,2020-10-02
1771,Valerie Parker,52,3,39390,2024-02-08
1772,Connie Vazquez,31,2,51723,2019-02-02
1773,Nicholas Hines,27,2,83403,2017-05-07
1774,Felicia Coleman,22,5,81898,2022-03-25
1775,Christopher Smith,25,5,99182,2021-09-21
1776,Dominique Ruiz,39,5,86179,2017-06-06
1777,Joshua Yu,28,3,73504,2023-01-24
1778,Anna Jones,51,5,55317,2021-06-01
1779,Jordan Greene,27,2,65306,2024-03-05
1780,Kristina Jackson,41,2,115006,2015-12-19
1781,April Alvarado,51,5,103393,2019-01-02
1782,Mark Kelley,58,4,32877,2020-04-26
1783,Christopher Rocha,31,2,93273,2018-08-18
1784,Alicia Aguilar,28,3,58003,2016-05-31
1785,Julia Brown,36,5,102804,2023-03-05
1786,Brian Castillo,41,1,36617,2023-12-27
1787,Jay Fisher,47,2,95370,2024-06-08
1788,Jeffrey Newman,28,1,59875,2022-11-28
1789,Johnny Shaw,52,1,34322,2021-01-14
1790,Michael Porter,42,3,75794,2022-10-05
1791,Suzanne Franco,29,3,97183,2025-03-25
1792,Karen Pena,42,5,102632,2022-09-06
1793,Christopher Mathews,50,2,39151,2020-01-01
1794,Martha Curtis,46,1,68558,2022-03-14
1795,Ashley Thomas,59,4,102981,2023-12-09
1796,Jeremiah Hill,37,1,119660,2023-06-14
1797,Melinda Pineda,57,2,59002,2024-07-31
1798,Dr. Ryan Brooks Jr.,60,2,83733,2021-05-17
1799,Crystal Moore,36,5,81229,2017-04-23
1800,Steven Vasquez,60,3,37650,2019-03-18
1801,Kristina Ross,32,2,63890,2023-08-05
1802,Michael Simpson,56,2,96616,2018-04-02
1803,Brittany Jones,30,1,106271,2018-06-22
1804,Heather Kelley,56,2,68667,2024-11-06
1805,Jonathan Watkins,23,5,33447,2017-08-10
1806,Richard Aguilar,39,2,119590,2019-09-22
1807,Lisa Phelps,52,4,46184,2020-12-18
1808,Cheryl Rogers,35,3,53551,2017-06-21
1809,Joshua Johnson,45,5,97271,2021-09-09
1810,Amanda Martin,43,3,109683,2017-10-17
1811,Cathy Tucker,57,5,73275,2016-06-10
1812,Jennifer Cameron,43,3,74710,2019-09-27
1813,Cassandra Gallegos,32,4,75611,2019-10-26
1814,Katherine Aguirre,53,1,67930,2023-01-02
1815,Angela Aguirre,53,4,73763,2021-01-17
1816,Christopher Martin,33,5,89309,2020-06-18
1817,Jose Lyons,48,2,86832,2016-10-07
1818,Joshua Hughes,53,4,59063,2022-11-04
1819,Francisco Ball,38,1,64831,2020-06-25
1820,David Nelson,30,5,119052,2016-12-09
1821,Jesse Gilmore,54,5,83733,2018-07-31
1822,John Meyer,39,2,86937,2020-08-27
1823,Natalie Murphy,58,5,87954,2021-08-24
1824,Jay Glass,48,2,118554,2023-11-29
1825,Amy Mcdonald,45,3,44818,2015-05-03
1826,Jennifer Goodman,23,3,49833,2025-03-26
1827,Damon Gutierrez,56,2,93620,2024-12-24
1828,Julie Hernandez,55,5,45173,2016-11-26
1829,Patrick Rivera,25,5,36110,2022-04-21
1830,Brenda Evans,45,3,36560,2016-01-08
1831,Christopher Nelson,42,1,93568,2024-12-09
1832,Gerald Henson,51,5,67856,2018-04-03
1833,Samuel Soto,35,2,90126,2021-12-31
1834,Chris Watson,55,4,76696,2019-02-10
1835,Michael Gomez,25,3,46702,2015-08-11
1836,Kenneth Campos,57,4,108270,2021-02-10
1837,Sandra Murphy,50,5,108273,2021-04-27
1838,Amber Lopez,58,4,38832,2016-03-17
1839,Kyle Bauer,46,2,57287,2021-06-13
1840,Jason Mcgrath,49,5,80303,2021-09-05
1841,Juan Chase,39,2,40689,2015-11-05
1842,Cynthia Reyes,23,4,46884,2017-02-03
1843,Julie Welch,27,1,61631,2022-03-18
1844,Joseph Sawyer,32,2,34041,2024-02-02
1845,Jose Ross,60,4,111659,2022-08-29
1846,Ann Saunders,29,1,100818,2020-08-24
1847,Theresa Mccarthy,28,2,68856,2018-05-09
1848,Patricia Hubbard,22,2,79045,2023-09-21
1849,Justin Jennings,44,2,77981,2020-06-18
1850,Kevin Jones,53,1,97356,2019-12-05
1851,John Warner,23,1,97617,2024-01-07
1852,Michael Hart,55,2,108471,2024-10-25
1853,Charles Martinez,58,2,94095,2018-08-10
1854,Bailey Warren,24,2,70460,2019-06-06
1855,Jessica Mcclure,50,2,63760,2024-02-04
1856,Larry Juarez,38,5,83704,2015-11-23
1857,Beth Clark,23,1,31239,2020-12-09
1858,Sandra Carter,34,2,83097,2019-03-02
1859,David Yoder,44,2,49334,2020-08-28
1860,Nicholas Vega,45,3,45216,2015-07-11
1861,Joseph Allen,42,3,100821,2022-03-11
1862,Madison Davis,40,5,96139,2021-01-03
1863,Denise Clark,44,5,109080,2017-11-08
1864,Crystal Riley,56,4,54516,2021-01-30
1865,Andrew Lee,59,5,73253,2019-09-18
1866,Joshua Lee,40,1,68255,2019-07-11
1867,Stephanie Nelson,50,2,108701,2021-11-13
1868,Samuel Burton,30,4,80959,2022-12-02
1869,Benjamin Bruce,60,4,105509,2019-10-13
1870,Heather Lane,50,1,88307,2015-04-13
1871,Cindy Mason MD,26,3,119453,2022-03-11
1872,Desiree Jones,59,5,65722,2016-12-16
1873,Kevin Mejia,39,2,112523,2022-09-03
1874,Robert Gonzalez,52,2,112945,2020-09-26
1875,Richard Lewis,41,1,51792,2022-03-13
1876,Mary Cole,44,3,43319,2018-10-14
1877,Mandy West,26,2,118024,2020-09-15
1878,Ricky Santos,53,4,61145,2019-04-25
1879,Laura Bullock,39,4,83415,2021-08-31
1880,Dr. Angel Tucker MD,43,3,77564,2016-09-21
1881,Edwin Thomas,42,3,85661,2021-01-12
1882,Michael Owens,52,3,68931,2019-01-31
1883,John Hurst,31,3,63913,2016-04-14
1884,Mary Hernandez,28,2,44416,2025-01-31
1885,Daniel Moore DDS,47,3,80922,2017-10-24
1886,Danielle Jensen,30,3,39879,2024-04-28
1887,Lynn Mccann,25,2,116011,2015-12-22
1888,Daniel Richard,32,5,46884,2021-12-28
1889,Stephanie Rivera,40,4,58256,2017-05-07
1890,James Mcguire,49,5,119280,2021-10-01
1891,Jack Burns,59,4,72638,2019-12-06
1892,Charles Santana,35,1,86658,2016-08-15
1893,Christian Merritt,38,1,112879,2015-10-30
1894,Edward Watson,47,5,101774,2021-04-08
1895,Sharon Watson,55,5,94716,2021-10-02
1896,Amber Garcia,46,4,67957,2022-08-30
1897,Vincent Chapman,39,1,56539,2019-05-06
1898,Sharon Powell MD,28,4,119386,2025-01-08
1899,Christopher White,34,4,59704,2020-08-03
1900,Austin Owens,33,1,98088,2017-06-27
1901,Jonathan Stanton,56,4,51217,2021-11-17
1902,Angela Greene,41,1,45607,2019-01-09
1903,Jeffrey Nelson,58,2,80871,2024-11-29
1904,Erin Day,50,4,102030,2021-09-24
1905,Matthew York,48,3,48199,2015-08-07
1906,Daniel Hayes,24,1,101540,2023-05-22
1907,Megan Hester,53,3,90202,2023-07-24
1908,Denise Rodriguez,24,5,97502,2016-09-25
1909,Richard Lee,22,2,36177,2018-01-05
1910,Lauren Lloyd,59,3,110534,2025-01-22
1911,Katrina Young,33,5,57246,2023-08-26
1912,Angela Maynard,31,1,117327,2024-02-15
1913,Suzanne Powell,22,3,37184,2019-08-27
1914,Jeffrey Shepherd,42,1,109548,2021-06-16
1915,Michael Barrett,58,4,63725,2024-12-01
1916,Terri Barrett,32,5,98385,2023-01-26
1917,Dennis Clayton,31,4,110494,2020-08-16
1918,Brandy Cooper,44,2,69399,2024-06-27
1919,Austin Davis,27,4,81095,2015-12-26
1920,Tyler Sharp,29,4,93937,2020-08-31
1921,Jeanne Mcdowell,53,3,63077,2017-09-07
1922,Robert Williams,28,4,87301,2015-04-04
1923,Melanie Carey,50,1,75254,2023-12-05
1924,Melanie Butler DVM,42,4,95298,2021-05-04
1925,Kevin Ortiz,29,2,108627,2021-05-20
1926,Crystal Woods,41,5,110156,2024-10-22
1927,Dana Holland,57,4,118375,2024-02-27
1928,Erin Cook,48,2,108228,2019-07-24
1929,Sydney Stevenson,50,5,95504,2023-01-22
1930,Travis Elliott,59,5,50504,2016-12-20
1931,James Richard,25,3,49625,2021-09-22
1932,Michael Holmes,34,4,118730,2015-07-22
1933,Edward Mccarthy,44,5,51935,2018-05-03
1934,Nicholas Lamb,52,4,43784,2017-09-16
1935,Jacob Nelson,22,1,74752,2021-12-05
1936,Laura Soto,27,5,105359,2023-12-04
1937,Jessica Vazquez,37,3,98673,2017-04-29
1938,Michelle Arias,48,4,75358,2022-11-05
1939,Larry Cole,41,4,32983,2022-04-28
1940,William Brown,56,5,64704,2016-05-10
1941,Robert Reyes,43,5,77497,2024-06-27
1942,Laura Miles,31,5,38325,2019-01-03
1943,Robin Olson,58,5,115065,2023-10-21
1944,Jeremy Johnson,52,2,94770,2019-07-16
1945,Joshua Chandler DDS,50,5,75182,2023-09-17
1946,Janet Reese,24,3,67398,2017-07-23
1947,Elizabeth Le,43,4,119446,2016-06-14
1948,Frances Garcia,59,1,60539,2022-12-16
1949,Anthony Lee,32,4,98273,2024-03-22
1950,Martin Rodriguez,33,4,92589,2015-04-29
1951,Danielle Patrick,56,5,47486,2020-09-06
1952,Wayne Robertson,29,3,92445,2019-08-19
1953,Mr. Richard Jones,50,5,74178,2019-10-28
1954,Michael Richmond,33,3,50213,2018-04-13
1955,Justin Peterson,28,3,72009,2024-09-03
1956,David Higgins,29,1,32794,2016-05-10
1957,Tom Taylor,24,2,79464,2022-12-25
1958,Danielle Smith,56,2,83130,2021-10-08
1959,Andrea Weaver,35,1,101389,2021-02-03
1960,James Castaneda,32,5,94671,2016-03-17
1961,Robert Moon,57,3,67047,2021-10-30
1962,Stephen Jacobs,35,2,119279,2016-03-11
1963,Jennifer Williams,58,3,41760,2019-04-19
1964,Nicholas Gray,49,1,114298,2020-06-20
1965,Crystal Browning,52,4,111699,2023-04-21
1966,Charles Solis,50,5,34143,2017-05-19
1967,Robert Elliott,23,2,35195,2024-11-27
1968,Tammy Conway,60,5,112898,2023-05-16
1969,Amber Bright,24,4,103939,2019-11-23
1970,Alexis Glenn,49,5,95500,2015-08-27
1971,Christopher Peters,54,3,106135,2020-08-17
1972,Joshua Patel,35,1,95621,2020-08-19
1973,Jonathan Bauer,48,5,94877,2021-10-03
1974,Kimberly Mitchell,38,5,56207,2016-01-28
1975,Theresa Stephens,27,3,82581,2016-08-23
1976,Justin Herrera,23,3,50139,2024-12-18
1977,Diane Moore,29,2,119363,2021-11-19
1978,John Simmons,24,4,84937,2017-11-23
1979,Jody Gonzalez,36,3,84379,2019-02-15
1980,Shannon Freeman,49,5,53556,2017-11-10
1981,Lisa Knight,44,5,53028,2020-05-10
1982,Vanessa Chapman DDS,51,2,106447,2022-02-13
1983,Kathleen Evans,39,5,86589,2019-11-22
1984,Mr. Nicholas Perkins,54,3,39494,2022-01-07
1985,Kenneth Foster,22,4,51902,2015-09-20
1986,Miss Heidi Ellis,28,3,51360,2017-08-24
1987,Tim Hill,60,3,39131,2023-08-28
1988,Jeremy Thomas,29,1,51986,2019-03-27
1989,Patrick Price,56,2,70955,2022-06-30
1990,Kelly Hurst,37,3,35566,2015-09-17
1991,Bradley Duncan,41,5,36134,2018-08-03
1992,Jonathan Barber,43,1,119380,2024-01-27
1993,Deborah Lawrence,53,5,103527,2024-12-16
1994,Christine Stark,41,2,94407,2016-03-21
1995,Howard Smith,56,2,68574,2021-12-28
1996,Jacob Dorsey,26,1,110898,2022-08-10
1997,Craig Ryan,37,2,79695,2017-04-27
1998,Robert Allen,34,4,35015,2018-12-15
1999,Thomas Odonnell,59,3,76529,2015-12-07
